{
  "icons":[
    {
      "name": "500px",
      "file": "500px.svg"
    },
    {
      "name": "activity",
      "file": "activity.svg"
    },
    {
      "name": "airbnb",
      "file": "airbnb.svg"
    },
    {
      "name": "alarm-clock-f",
      "file": "alarm-clock-f.svg"
    },
    {
      "name": "alarm-clock",
      "file": "alarm-clock.svg"
    },
    {
      "name": "alert-f",
      "file": "alert-f.svg"
    },
    {
      "name": "alert",
      "file": "alert.svg"
    },
    {
      "name": "alien-f",
      "file": "alien-f.svg"
    },
    {
      "name": "alien",
      "file": "alien.svg"
    },
    {
      "name": "align-center",
      "file": "align-center.svg"
    },
    {
      "name": "align-justify",
      "file": "align-justify.svg"
    },
    {
      "name": "align-left",
      "file": "align-left.svg"
    },
    {
      "name": "align-right",
      "file": "align-right.svg"
    },
    {
      "name": "amazon",
      "file": "amazon.svg"
    },
    {
      "name": "anchor",
      "file": "anchor.svg"
    },
    {
      "name": "android-circle",
      "file": "android-circle.svg"
    },
    {
      "name": "android-square",
      "file": "android-square.svg"
    },
    {
      "name": "android",
      "file": "android.svg"
    },
    {
      "name": "aperture",
      "file": "aperture.svg"
    },
    {
      "name": "apple-circle",
      "file": "apple-circle.svg"
    },
    {
      "name": "apple-square",
      "file": "apple-square.svg"
    },
    {
      "name": "apple",
      "file": "apple.svg"
    },
    {
      "name": "archive-f",
      "file": "archive-f.svg"
    },
    {
      "name": "archive",
      "file": "archive.svg"
    },
    {
      "name": "arrow-circle-down-f",
      "file": "arrow-circle-down-f.svg"
    },
    {
      "name": "arrow-circle-down-left-f",
      "file": "arrow-circle-down-left-f.svg"
    },
    {
      "name": "arrow-circle-down-left",
      "file": "arrow-circle-down-left.svg"
    },
    {
      "name": "arrow-circle-down-right-f",
      "file": "arrow-circle-down-right-f.svg"
    },
    {
      "name": "arrow-circle-down-right",
      "file": "arrow-circle-down-right.svg"
    },
    {
      "name": "arrow-circle-down",
      "file": "arrow-circle-down.svg"
    },
    {
      "name": "arrow-circle-left-f",
      "file": "arrow-circle-left-f.svg"
    },
    {
      "name": "arrow-circle-left",
      "file": "arrow-circle-left.svg"
    },
    {
      "name": "arrow-circle-right-f",
      "file": "arrow-circle-right-f.svg"
    },
    {
      "name": "arrow-circle-right",
      "file": "arrow-circle-right.svg"
    },
    {
      "name": "arrow-circle-up-f",
      "file": "arrow-circle-up-f.svg"
    },
    {
      "name": "arrow-circle-up-left-f",
      "file": "arrow-circle-up-left-f.svg"
    },
    {
      "name": "arrow-circle-up-left",
      "file": "arrow-circle-up-left.svg"
    },
    {
      "name": "arrow-circle-up-right-f",
      "file": "arrow-circle-up-right-f.svg"
    },
    {
      "name": "arrow-circle-up-right",
      "file": "arrow-circle-up-right.svg"
    },
    {
      "name": "arrow-circle-up",
      "file": "arrow-circle-up.svg"
    },
    {
      "name": "arrow-down-left",
      "file": "arrow-down-left.svg"
    },
    {
      "name": "arrow-down-right",
      "file": "arrow-down-right.svg"
    },
    {
      "name": "arrow-down",
      "file": "arrow-down.svg"
    },
    {
      "name": "arrow-left",
      "file": "arrow-left.svg"
    },
    {
      "name": "arrow-right",
      "file": "arrow-right.svg"
    },
    {
      "name": "arrow-square-down-f",
      "file": "arrow-square-down-f.svg"
    },
    {
      "name": "arrow-square-down-left-f",
      "file": "arrow-square-down-left-f.svg"
    },
    {
      "name": "arrow-square-down-left",
      "file": "arrow-square-down-left.svg"
    },
    {
      "name": "arrow-square-down-right-f",
      "file": "arrow-square-down-right-f.svg"
    },
    {
      "name": "arrow-square-down-right",
      "file": "arrow-square-down-right.svg"
    },
    {
      "name": "arrow-square-down",
      "file": "arrow-square-down.svg"
    },
    {
      "name": "arrow-square-left-f",
      "file": "arrow-square-left-f.svg"
    },
    {
      "name": "arrow-square-left",
      "file": "arrow-square-left.svg"
    },
    {
      "name": "arrow-square-right-f",
      "file": "arrow-square-right-f.svg"
    },
    {
      "name": "arrow-square-right",
      "file": "arrow-square-right.svg"
    },
    {
      "name": "arrow-square-up-f",
      "file": "arrow-square-up-f.svg"
    },
    {
      "name": "arrow-square-up-left-f",
      "file": "arrow-square-up-left-f.svg"
    },
    {
      "name": "arrow-square-up-left",
      "file": "arrow-square-up-left.svg"
    },
    {
      "name": "arrow-square-up-right-f",
      "file": "arrow-square-up-right-f.svg"
    },
    {
      "name": "arrow-square-up-right",
      "file": "arrow-square-up-right.svg"
    },
    {
      "name": "arrow-square-up",
      "file": "arrow-square-up.svg"
    },
    {
      "name": "arrow-up-left",
      "file": "arrow-up-left.svg"
    },
    {
      "name": "arrow-up-right",
      "file": "arrow-up-right.svg"
    },
    {
      "name": "arrow-up",
      "file": "arrow-up.svg"
    },
    {
      "name": "arrows-corners",
      "file": "arrows-corners.svg"
    },
    {
      "name": "arrows-fullscreen",
      "file": "arrows-fullscreen.svg"
    },
    {
      "name": "arrows-h",
      "file": "arrows-h.svg"
    },
    {
      "name": "arrows-v",
      "file": "arrows-v.svg"
    },
    {
      "name": "attachment",
      "file": "attachment.svg"
    },
    {
      "name": "background-color",
      "file": "background-color.svg"
    },
    {
      "name": "backpack-f",
      "file": "backpack-f.svg"
    },
    {
      "name": "backpack",
      "file": "backpack.svg"
    },
    {
      "name": "backward-circle-f",
      "file": "backward-circle-f.svg"
    },
    {
      "name": "backward-circle",
      "file": "backward-circle.svg"
    },
    {
      "name": "backward-square-f",
      "file": "backward-square-f.svg"
    },
    {
      "name": "backward-square",
      "file": "backward-square.svg"
    },
    {
      "name": "backward",
      "file": "backward.svg"
    },
    {
      "name": "baidu-circle",
      "file": "baidu-circle.svg"
    },
    {
      "name": "baidu-square",
      "file": "baidu-square.svg"
    },
    {
      "name": "baidu",
      "file": "baidu.svg"
    },
    {
      "name": "bandage-f",
      "file": "bandage-f.svg"
    },
    {
      "name": "bandage",
      "file": "bandage.svg"
    },
    {
      "name": "bar-chart",
      "file": "bar-chart.svg"
    },
    {
      "name": "baseball",
      "file": "baseball.svg"
    },
    {
      "name": "basketball",
      "file": "basketball.svg"
    },
    {
      "name": "bathtub-f",
      "file": "bathtub-f.svg"
    },
    {
      "name": "bathtub",
      "file": "bathtub.svg"
    },
    {
      "name": "battery-charging-f",
      "file": "battery-charging-f.svg"
    },
    {
      "name": "battery-charging",
      "file": "battery-charging.svg"
    },
    {
      "name": "battery-f",
      "file": "battery-f.svg"
    },
    {
      "name": "battery-half-f",
      "file": "battery-half-f.svg"
    },
    {
      "name": "battery-half",
      "file": "battery-half.svg"
    },
    {
      "name": "battery-one-quarter-f",
      "file": "battery-one-quarter-f.svg"
    },
    {
      "name": "battery-one-quarter",
      "file": "battery-one-quarter.svg"
    },
    {
      "name": "battery-three-quarters-f",
      "file": "battery-three-quarters-f.svg"
    },
    {
      "name": "battery-three-quarters",
      "file": "battery-three-quarters.svg"
    },
    {
      "name": "battery",
      "file": "battery.svg"
    },
    {
      "name": "beatport-circle",
      "file": "beatport-circle.svg"
    },
    {
      "name": "beatport-square",
      "file": "beatport-square.svg"
    },
    {
      "name": "beatport",
      "file": "beatport.svg"
    },
    {
      "name": "beer-f",
      "file": "beer-f.svg"
    },
    {
      "name": "beer",
      "file": "beer.svg"
    },
    {
      "name": "behance-circle",
      "file": "behance-circle.svg"
    },
    {
      "name": "behance-square",
      "file": "behance-square.svg"
    },
    {
      "name": "behance",
      "file": "behance.svg"
    },
    {
      "name": "bell-f",
      "file": "bell-f.svg"
    },
    {
      "name": "bell-off-f",
      "file": "bell-off-f.svg"
    },
    {
      "name": "bell-off",
      "file": "bell-off.svg"
    },
    {
      "name": "bell",
      "file": "bell.svg"
    },
    {
      "name": "bing-circle",
      "file": "bing-circle.svg"
    },
    {
      "name": "bing-square",
      "file": "bing-square.svg"
    },
    {
      "name": "bing",
      "file": "bing.svg"
    },
    {
      "name": "birthday-cake-f",
      "file": "birthday-cake-f.svg"
    },
    {
      "name": "birthday-cake",
      "file": "birthday-cake.svg"
    },
    {
      "name": "blogger-circle",
      "file": "blogger-circle.svg"
    },
    {
      "name": "blogger-square",
      "file": "blogger-square.svg"
    },
    {
      "name": "blogger",
      "file": "blogger.svg"
    },
    {
      "name": "bluetooth",
      "file": "bluetooth.svg"
    },
    {
      "name": "bold",
      "file": "bold.svg"
    },
    {
      "name": "book-f",
      "file": "book-f.svg"
    },
    {
      "name": "book",
      "file": "book.svg"
    },
    {
      "name": "bookmark-f",
      "file": "bookmark-f.svg"
    },
    {
      "name": "bookmark-minus-f",
      "file": "bookmark-minus-f.svg"
    },
    {
      "name": "bookmark-minus",
      "file": "bookmark-minus.svg"
    },
    {
      "name": "bookmark-plus-f",
      "file": "bookmark-plus-f.svg"
    },
    {
      "name": "bookmark-plus",
      "file": "bookmark-plus.svg"
    },
    {
      "name": "bookmark-remove-f",
      "file": "bookmark-remove-f.svg"
    },
    {
      "name": "bookmark-remove",
      "file": "bookmark-remove.svg"
    },
    {
      "name": "bookmark",
      "file": "bookmark.svg"
    },
    {
      "name": "bottle-f",
      "file": "bottle-f.svg"
    },
    {
      "name": "bottle",
      "file": "bottle.svg"
    },
    {
      "name": "box-f",
      "file": "box-f.svg"
    },
    {
      "name": "box",
      "file": "box.svg"
    },
    {
      "name": "branch-f",
      "file": "branch-f.svg"
    },
    {
      "name": "branch",
      "file": "branch.svg"
    },
    {
      "name": "brightness-down-f",
      "file": "brightness-down-f.svg"
    },
    {
      "name": "brightness-down",
      "file": "brightness-down.svg"
    },
    {
      "name": "brightness-up-f",
      "file": "brightness-up-f.svg"
    },
    {
      "name": "brightness-up",
      "file": "brightness-up.svg"
    },
    {
      "name": "brightness",
      "file": "brightness.svg"
    },
    {
      "name": "brush-f",
      "file": "brush-f.svg"
    },
    {
      "name": "brush",
      "file": "brush.svg"
    },
    {
      "name": "bug-f",
      "file": "bug-f.svg"
    },
    {
      "name": "bug",
      "file": "bug.svg"
    },
    {
      "name": "building-f",
      "file": "building-f.svg"
    },
    {
      "name": "building",
      "file": "building.svg"
    },
    {
      "name": "bus-f",
      "file": "bus-f.svg"
    },
    {
      "name": "bus",
      "file": "bus.svg"
    },
    {
      "name": "cactus-f",
      "file": "cactus-f.svg"
    },
    {
      "name": "cactus",
      "file": "cactus.svg"
    },
    {
      "name": "calculator",
      "file": "calculator.svg"
    },
    {
      "name": "calendar-alt-f",
      "file": "calendar-alt-f.svg"
    },
    {
      "name": "calendar-alt",
      "file": "calendar-alt.svg"
    },
    {
      "name": "calendar-f",
      "file": "calendar-f.svg"
    },
    {
      "name": "calendar",
      "file": "calendar.svg"
    },
    {
      "name": "camera-alt-f",
      "file": "camera-alt-f.svg"
    },
    {
      "name": "camera-alt",
      "file": "camera-alt.svg"
    },
    {
      "name": "camera-f",
      "file": "camera-f.svg"
    },
    {
      "name": "camera",
      "file": "camera.svg"
    },
    {
      "name": "candle-f",
      "file": "candle-f.svg"
    },
    {
      "name": "candle",
      "file": "candle.svg"
    },
    {
      "name": "capsule-f",
      "file": "capsule-f.svg"
    },
    {
      "name": "capsule",
      "file": "capsule.svg"
    },
    {
      "name": "car-f",
      "file": "car-f.svg"
    },
    {
      "name": "car",
      "file": "car.svg"
    },
    {
      "name": "castle-f",
      "file": "castle-f.svg"
    },
    {
      "name": "castle",
      "file": "castle.svg"
    },
    {
      "name": "check",
      "file": "check.svg"
    },
    {
      "name": "chevron-circle-down-f",
      "file": "chevron-circle-down-f.svg"
    },
    {
      "name": "chevron-circle-down-left-f",
      "file": "chevron-circle-down-left-f.svg"
    },
    {
      "name": "chevron-circle-down-left",
      "file": "chevron-circle-down-left.svg"
    },
    {
      "name": "chevron-circle-down-right-f",
      "file": "chevron-circle-down-right-f.svg"
    },
    {
      "name": "chevron-circle-down-right",
      "file": "chevron-circle-down-right.svg"
    },
    {
      "name": "chevron-circle-down",
      "file": "chevron-circle-down.svg"
    },
    {
      "name": "chevron-circle-left-f",
      "file": "chevron-circle-left-f.svg"
    },
    {
      "name": "chevron-circle-left",
      "file": "chevron-circle-left.svg"
    },
    {
      "name": "chevron-circle-right-f",
      "file": "chevron-circle-right-f.svg"
    },
    {
      "name": "chevron-circle-right",
      "file": "chevron-circle-right.svg"
    },
    {
      "name": "chevron-circle-up-f",
      "file": "chevron-circle-up-f.svg"
    },
    {
      "name": "chevron-circle-up-left-f",
      "file": "chevron-circle-up-left-f.svg"
    },
    {
      "name": "chevron-circle-up-left",
      "file": "chevron-circle-up-left.svg"
    },
    {
      "name": "chevron-circle-up-right-f",
      "file": "chevron-circle-up-right-f.svg"
    },
    {
      "name": "chevron-circle-up-right",
      "file": "chevron-circle-up-right.svg"
    },
    {
      "name": "chevron-circle-up",
      "file": "chevron-circle-up.svg"
    },
    {
      "name": "chevron-down-left",
      "file": "chevron-down-left.svg"
    },
    {
      "name": "chevron-down-right",
      "file": "chevron-down-right.svg"
    },
    {
      "name": "chevron-down",
      "file": "chevron-down.svg"
    },
    {
      "name": "chevron-left",
      "file": "chevron-left.svg"
    },
    {
      "name": "chevron-right",
      "file": "chevron-right.svg"
    },
    {
      "name": "chevron-square-down-f",
      "file": "chevron-square-down-f.svg"
    },
    {
      "name": "chevron-square-down-left-f",
      "file": "chevron-square-down-left-f.svg"
    },
    {
      "name": "chevron-square-down-left",
      "file": "chevron-square-down-left.svg"
    },
    {
      "name": "chevron-square-down-right-f",
      "file": "chevron-square-down-right-f.svg"
    },
    {
      "name": "chevron-square-down-right",
      "file": "chevron-square-down-right.svg"
    },
    {
      "name": "chevron-square-down",
      "file": "chevron-square-down.svg"
    },
    {
      "name": "chevron-square-left-f",
      "file": "chevron-square-left-f.svg"
    },
    {
      "name": "chevron-square-left",
      "file": "chevron-square-left.svg"
    },
    {
      "name": "chevron-square-right-f",
      "file": "chevron-square-right-f.svg"
    },
    {
      "name": "chevron-square-right",
      "file": "chevron-square-right.svg"
    },
    {
      "name": "chevron-square-up-f",
      "file": "chevron-square-up-f.svg"
    },
    {
      "name": "chevron-square-up-left-f",
      "file": "chevron-square-up-left-f.svg"
    },
    {
      "name": "chevron-square-up-left",
      "file": "chevron-square-up-left.svg"
    },
    {
      "name": "chevron-square-up-right-f",
      "file": "chevron-square-up-right-f.svg"
    },
    {
      "name": "chevron-square-up-right",
      "file": "chevron-square-up-right.svg"
    },
    {
      "name": "chevron-square-up",
      "file": "chevron-square-up.svg"
    },
    {
      "name": "chevron-up-left",
      "file": "chevron-up-left.svg"
    },
    {
      "name": "chevron-up-right",
      "file": "chevron-up-right.svg"
    },
    {
      "name": "chevron-up",
      "file": "chevron-up.svg"
    },
    {
      "name": "chevrons-circle-down-f",
      "file": "chevrons-circle-down-f.svg"
    },
    {
      "name": "chevrons-circle-down-left-f",
      "file": "chevrons-circle-down-left-f.svg"
    },
    {
      "name": "chevrons-circle-down-left",
      "file": "chevrons-circle-down-left.svg"
    },
    {
      "name": "chevrons-circle-down-right-f",
      "file": "chevrons-circle-down-right-f.svg"
    },
    {
      "name": "chevrons-circle-down-right",
      "file": "chevrons-circle-down-right.svg"
    },
    {
      "name": "chevrons-circle-down",
      "file": "chevrons-circle-down.svg"
    },
    {
      "name": "chevrons-circle-left-f",
      "file": "chevrons-circle-left-f.svg"
    },
    {
      "name": "chevrons-circle-left",
      "file": "chevrons-circle-left.svg"
    },
    {
      "name": "chevrons-circle-right-f",
      "file": "chevrons-circle-right-f.svg"
    },
    {
      "name": "chevrons-circle-right",
      "file": "chevrons-circle-right.svg"
    },
    {
      "name": "chevrons-circle-up-f",
      "file": "chevrons-circle-up-f.svg"
    },
    {
      "name": "chevrons-circle-up-left-f",
      "file": "chevrons-circle-up-left-f.svg"
    },
    {
      "name": "chevrons-circle-up-left",
      "file": "chevrons-circle-up-left.svg"
    },
    {
      "name": "chevrons-circle-up-right-f",
      "file": "chevrons-circle-up-right-f.svg"
    },
    {
      "name": "chevrons-circle-up-right",
      "file": "chevrons-circle-up-right.svg"
    },
    {
      "name": "chevrons-circle-up",
      "file": "chevrons-circle-up.svg"
    },
    {
      "name": "chevrons-down-left",
      "file": "chevrons-down-left.svg"
    },
    {
      "name": "chevrons-down-right",
      "file": "chevrons-down-right.svg"
    },
    {
      "name": "chevrons-down",
      "file": "chevrons-down.svg"
    },
    {
      "name": "chevrons-left",
      "file": "chevrons-left.svg"
    },
    {
      "name": "chevrons-right",
      "file": "chevrons-right.svg"
    },
    {
      "name": "chevrons-square-down-f",
      "file": "chevrons-square-down-f.svg"
    },
    {
      "name": "chevrons-square-down-left-f",
      "file": "chevrons-square-down-left-f.svg"
    },
    {
      "name": "chevrons-square-down-left",
      "file": "chevrons-square-down-left.svg"
    },
    {
      "name": "chevrons-square-down-right-f",
      "file": "chevrons-square-down-right-f.svg"
    },
    {
      "name": "chevrons-square-down-right",
      "file": "chevrons-square-down-right.svg"
    },
    {
      "name": "chevrons-square-down",
      "file": "chevrons-square-down.svg"
    },
    {
      "name": "chevrons-square-left-f",
      "file": "chevrons-square-left-f.svg"
    },
    {
      "name": "chevrons-square-left",
      "file": "chevrons-square-left.svg"
    },
    {
      "name": "chevrons-square-right-f",
      "file": "chevrons-square-right-f.svg"
    },
    {
      "name": "chevrons-square-right",
      "file": "chevrons-square-right.svg"
    },
    {
      "name": "chevrons-square-up-f",
      "file": "chevrons-square-up-f.svg"
    },
    {
      "name": "chevrons-square-up-left-f",
      "file": "chevrons-square-up-left-f.svg"
    },
    {
      "name": "chevrons-square-up-left",
      "file": "chevrons-square-up-left.svg"
    },
    {
      "name": "chevrons-square-up-right-f",
      "file": "chevrons-square-up-right-f.svg"
    },
    {
      "name": "chevrons-square-up-right",
      "file": "chevrons-square-up-right.svg"
    },
    {
      "name": "chevrons-square-up",
      "file": "chevrons-square-up.svg"
    },
    {
      "name": "chevrons-up-left",
      "file": "chevrons-up-left.svg"
    },
    {
      "name": "chevrons-up-right",
      "file": "chevrons-up-right.svg"
    },
    {
      "name": "chevrons-up",
      "file": "chevrons-up.svg"
    },
    {
      "name": "chronometer-f",
      "file": "chronometer-f.svg"
    },
    {
      "name": "chronometer",
      "file": "chronometer.svg"
    },
    {
      "name": "circle-f",
      "file": "circle-f.svg"
    },
    {
      "name": "circle",
      "file": "circle.svg"
    },
    {
      "name": "clear-format",
      "file": "clear-format.svg"
    },
    {
      "name": "clipboard-f",
      "file": "clipboard-f.svg"
    },
    {
      "name": "clipboard",
      "file": "clipboard.svg"
    },
    {
      "name": "clock-f",
      "file": "clock-f.svg"
    },
    {
      "name": "clock",
      "file": "clock.svg"
    },
    {
      "name": "close-circle-f",
      "file": "close-circle-f.svg"
    },
    {
      "name": "close-circle",
      "file": "close-circle.svg"
    },
    {
      "name": "close-rectangle-f",
      "file": "close-rectangle-f.svg"
    },
    {
      "name": "close-rectangle",
      "file": "close-rectangle.svg"
    },
    {
      "name": "close",
      "file": "close.svg"
    },
    {
      "name": "cloud-f",
      "file": "cloud-f.svg"
    },
    {
      "name": "cloud-rain-f",
      "file": "cloud-rain-f.svg"
    },
    {
      "name": "cloud-rain",
      "file": "cloud-rain.svg"
    },
    {
      "name": "cloud-snow-f",
      "file": "cloud-snow-f.svg"
    },
    {
      "name": "cloud-snow",
      "file": "cloud-snow.svg"
    },
    {
      "name": "cloud-thunder-f",
      "file": "cloud-thunder-f.svg"
    },
    {
      "name": "cloud-thunder",
      "file": "cloud-thunder.svg"
    },
    {
      "name": "cloud",
      "file": "cloud.svg"
    },
    {
      "name": "codepen-circle",
      "file": "codepen-circle.svg"
    },
    {
      "name": "codepen-square",
      "file": "codepen-square.svg"
    },
    {
      "name": "codepen",
      "file": "codepen.svg"
    },
    {
      "name": "coffee-cup-f",
      "file": "coffee-cup-f.svg"
    },
    {
      "name": "coffee-cup",
      "file": "coffee-cup.svg"
    },
    {
      "name": "coffee",
      "file": "coffee.svg"
    },
    {
      "name": "cog-f",
      "file": "cog-f.svg"
    },
    {
      "name": "cog",
      "file": "cog.svg"
    },
    {
      "name": "cogs-f",
      "file": "cogs-f.svg"
    },
    {
      "name": "cogs",
      "file": "cogs.svg"
    },
    {
      "name": "coin-f",
      "file": "coin-f.svg"
    },
    {
      "name": "coin",
      "file": "coin.svg"
    },
    {
      "name": "color",
      "file": "color.svg"
    },
    {
      "name": "compass-f",
      "file": "compass-f.svg"
    },
    {
      "name": "compass",
      "file": "compass.svg"
    },
    {
      "name": "computer-alt-f",
      "file": "computer-alt-f.svg"
    },
    {
      "name": "computer-alt",
      "file": "computer-alt.svg"
    },
    {
      "name": "computer-f",
      "file": "computer-f.svg"
    },
    {
      "name": "computer",
      "file": "computer.svg"
    },
    {
      "name": "credit-card-f",
      "file": "credit-card-f.svg"
    },
    {
      "name": "credit-card",
      "file": "credit-card.svg"
    },
    {
      "name": "crop",
      "file": "crop.svg"
    },
    {
      "name": "crown-f",
      "file": "crown-f.svg"
    },
    {
      "name": "crown",
      "file": "crown.svg"
    },
    {
      "name": "cutlery-f",
      "file": "cutlery-f.svg"
    },
    {
      "name": "cutlery",
      "file": "cutlery.svg"
    },
    {
      "name": "cutter-f",
      "file": "cutter-f.svg"
    },
    {
      "name": "cutter",
      "file": "cutter.svg"
    },
    {
      "name": "dashboard-f",
      "file": "dashboard-f.svg"
    },
    {
      "name": "dashboard",
      "file": "dashboard.svg"
    },
    {
      "name": "database-f",
      "file": "database-f.svg"
    },
    {
      "name": "database",
      "file": "database.svg"
    },
    {
      "name": "deezer-circle",
      "file": "deezer-circle.svg"
    },
    {
      "name": "deezer-square",
      "file": "deezer-square.svg"
    },
    {
      "name": "deezer",
      "file": "deezer.svg"
    },
    {
      "name": "delete-f",
      "file": "delete-f.svg"
    },
    {
      "name": "delete",
      "file": "delete.svg"
    },
    {
      "name": "deviantart-circle",
      "file": "deviantart-circle.svg"
    },
    {
      "name": "deviantart-square",
      "file": "deviantart-square.svg"
    },
    {
      "name": "deviantart",
      "file": "deviantart.svg"
    },
    {
      "name": "digg",
      "file": "digg.svg"
    },
    {
      "name": "direction-f",
      "file": "direction-f.svg"
    },
    {
      "name": "direction",
      "file": "direction.svg"
    },
    {
      "name": "directions-f",
      "file": "directions-f.svg"
    },
    {
      "name": "directions",
      "file": "directions.svg"
    },
    {
      "name": "disc-f",
      "file": "disc-f.svg"
    },
    {
      "name": "disc",
      "file": "disc.svg"
    },
    {
      "name": "disqus-circle",
      "file": "disqus-circle.svg"
    },
    {
      "name": "disqus-square",
      "file": "disqus-square.svg"
    },
    {
      "name": "disqus",
      "file": "disqus.svg"
    },
    {
      "name": "dj-f",
      "file": "dj-f.svg"
    },
    {
      "name": "dj",
      "file": "dj.svg"
    },
    {
      "name": "dna",
      "file": "dna.svg"
    },
    {
      "name": "document-f",
      "file": "document-f.svg"
    },
    {
      "name": "document",
      "file": "document.svg"
    },
    {
      "name": "door",
      "file": "door.svg"
    },
    {
      "name": "download",
      "file": "download.svg"
    },
    {
      "name": "drupal-circle",
      "file": "drupal-circle.svg"
    },
    {
      "name": "drupal-square",
      "file": "drupal-square.svg"
    },
    {
      "name": "drupal",
      "file": "drupal.svg"
    },
    {
      "name": "ebay",
      "file": "ebay.svg"
    },
    {
      "name": "egg-f",
      "file": "egg-f.svg"
    },
    {
      "name": "egg",
      "file": "egg.svg"
    },
    {
      "name": "eggs-f",
      "file": "eggs-f.svg"
    },
    {
      "name": "eggs",
      "file": "eggs.svg"
    },
    {
      "name": "eject-circle-f",
      "file": "eject-circle-f.svg"
    },
    {
      "name": "eject-circle",
      "file": "eject-circle.svg"
    },
    {
      "name": "eject-square-f",
      "file": "eject-square-f.svg"
    },
    {
      "name": "eject-square",
      "file": "eject-square.svg"
    },
    {
      "name": "eject",
      "file": "eject.svg"
    },
    {
      "name": "envelope-f",
      "file": "envelope-f.svg"
    },
    {
      "name": "envelope-open-f",
      "file": "envelope-open-f.svg"
    },
    {
      "name": "envelope-open",
      "file": "envelope-open.svg"
    },
    {
      "name": "envelope",
      "file": "envelope.svg"
    },
    {
      "name": "extinguisher-f",
      "file": "extinguisher-f.svg"
    },
    {
      "name": "extinguisher",
      "file": "extinguisher.svg"
    },
    {
      "name": "eye-close-f",
      "file": "eye-close-f.svg"
    },
    {
      "name": "eye-close",
      "file": "eye-close.svg"
    },
    {
      "name": "eye-f",
      "file": "eye-f.svg"
    },
    {
      "name": "eye",
      "file": "eye.svg"
    },
    {
      "name": "eyedropper-f",
      "file": "eyedropper-f.svg"
    },
    {
      "name": "eyedropper",
      "file": "eyedropper.svg"
    },
    {
      "name": "facebook-circle",
      "file": "facebook-circle.svg"
    },
    {
      "name": "facebook-square",
      "file": "facebook-square.svg"
    },
    {
      "name": "facebook",
      "file": "facebook.svg"
    },
    {
      "name": "fast-backward-circle-f",
      "file": "fast-backward-circle-f.svg"
    },
    {
      "name": "fast-backward-circle",
      "file": "fast-backward-circle.svg"
    },
    {
      "name": "fast-backward-square-f",
      "file": "fast-backward-square-f.svg"
    },
    {
      "name": "fast-backward-square",
      "file": "fast-backward-square.svg"
    },
    {
      "name": "fast-backward",
      "file": "fast-backward.svg"
    },
    {
      "name": "fast-forward-circle-f",
      "file": "fast-forward-circle-f.svg"
    },
    {
      "name": "fast-forward-circle",
      "file": "fast-forward-circle.svg"
    },
    {
      "name": "fast-forward-square-f",
      "file": "fast-forward-square-f.svg"
    },
    {
      "name": "fast-forward-square",
      "file": "fast-forward-square.svg"
    },
    {
      "name": "fast-forward",
      "file": "fast-forward.svg"
    },
    {
      "name": "feather-f",
      "file": "feather-f.svg"
    },
    {
      "name": "feather",
      "file": "feather.svg"
    },
    {
      "name": "female",
      "file": "female.svg"
    },
    {
      "name": "file-f",
      "file": "file-f.svg"
    },
    {
      "name": "file",
      "file": "file.svg"
    },
    {
      "name": "files-f",
      "file": "files-f.svg"
    },
    {
      "name": "files",
      "file": "files.svg"
    },
    {
      "name": "filter-f",
      "file": "filter-f.svg"
    },
    {
      "name": "filter",
      "file": "filter.svg"
    },
    {
      "name": "fingerprint",
      "file": "fingerprint.svg"
    },
    {
      "name": "first-aid-f",
      "file": "first-aid-f.svg"
    },
    {
      "name": "first-aid",
      "file": "first-aid.svg"
    },
    {
      "name": "fish",
      "file": "fish.svg"
    },
    {
      "name": "fiverr-circle",
      "file": "fiverr-circle.svg"
    },
    {
      "name": "fiverr-square",
      "file": "fiverr-square.svg"
    },
    {
      "name": "fiverr",
      "file": "fiverr.svg"
    },
    {
      "name": "flag-f",
      "file": "flag-f.svg"
    },
    {
      "name": "flag",
      "file": "flag.svg"
    },
    {
      "name": "flame-f",
      "file": "flame-f.svg"
    },
    {
      "name": "flame",
      "file": "flame.svg"
    },
    {
      "name": "flashlight-off-f",
      "file": "flashlight-off-f.svg"
    },
    {
      "name": "flashlight-off",
      "file": "flashlight-off.svg"
    },
    {
      "name": "flashlight-on-f",
      "file": "flashlight-on-f.svg"
    },
    {
      "name": "flashlight-on",
      "file": "flashlight-on.svg"
    },
    {
      "name": "flask",
      "file": "flask.svg"
    },
    {
      "name": "flickr-circle",
      "file": "flickr-circle.svg"
    },
    {
      "name": "flickr-square",
      "file": "flickr-square.svg"
    },
    {
      "name": "flickr",
      "file": "flickr.svg"
    },
    {
      "name": "flower",
      "file": "flower.svg"
    },
    {
      "name": "folder-f",
      "file": "folder-f.svg"
    },
    {
      "name": "folder-open-f",
      "file": "folder-open-f.svg"
    },
    {
      "name": "folder-open",
      "file": "folder-open.svg"
    },
    {
      "name": "folder-zip-f",
      "file": "folder-zip-f.svg"
    },
    {
      "name": "folder-zip",
      "file": "folder-zip.svg"
    },
    {
      "name": "folder",
      "file": "folder.svg"
    },
    {
      "name": "football",
      "file": "football.svg"
    },
    {
      "name": "fork-f",
      "file": "fork-f.svg"
    },
    {
      "name": "fork",
      "file": "fork.svg"
    },
    {
      "name": "forward-circle-f",
      "file": "forward-circle-f.svg"
    },
    {
      "name": "forward-circle",
      "file": "forward-circle.svg"
    },
    {
      "name": "forward-square-f",
      "file": "forward-square-f.svg"
    },
    {
      "name": "forward-square",
      "file": "forward-square.svg"
    },
    {
      "name": "forward",
      "file": "forward.svg"
    },
    {
      "name": "foursquare",
      "file": "foursquare.svg"
    },
    {
      "name": "gamepad-f",
      "file": "gamepad-f.svg"
    },
    {
      "name": "gamepad-retro-f",
      "file": "gamepad-retro-f.svg"
    },
    {
      "name": "gamepad-retro",
      "file": "gamepad-retro.svg"
    },
    {
      "name": "gamepad",
      "file": "gamepad.svg"
    },
    {
      "name": "ghost-f",
      "file": "ghost-f.svg"
    },
    {
      "name": "ghost-org-circle",
      "file": "ghost-org-circle.svg"
    },
    {
      "name": "ghost-org-square",
      "file": "ghost-org-square.svg"
    },
    {
      "name": "ghost-org",
      "file": "ghost-org.svg"
    },
    {
      "name": "ghost",
      "file": "ghost.svg"
    },
    {
      "name": "gift-f",
      "file": "gift-f.svg"
    },
    {
      "name": "gift",
      "file": "gift.svg"
    },
    {
      "name": "github-circle",
      "file": "github-circle.svg"
    },
    {
      "name": "github-square",
      "file": "github-square.svg"
    },
    {
      "name": "github",
      "file": "github.svg"
    },
    {
      "name": "gitlab-circle",
      "file": "gitlab-circle.svg"
    },
    {
      "name": "gitlab-square",
      "file": "gitlab-square.svg"
    },
    {
      "name": "gitlab",
      "file": "gitlab.svg"
    },
    {
      "name": "glass-empty",
      "file": "glass-empty.svg"
    },
    {
      "name": "glass-filled-f",
      "file": "glass-filled-f.svg"
    },
    {
      "name": "glass-filled",
      "file": "glass-filled.svg"
    },
    {
      "name": "glue-f",
      "file": "glue-f.svg"
    },
    {
      "name": "glue",
      "file": "glue.svg"
    },
    {
      "name": "google-circle",
      "file": "google-circle.svg"
    },
    {
      "name": "google-play-circle",
      "file": "google-play-circle.svg"
    },
    {
      "name": "google-play-square",
      "file": "google-play-square.svg"
    },
    {
      "name": "google-play",
      "file": "google-play.svg"
    },
    {
      "name": "google-plus-circle",
      "file": "google-plus-circle.svg"
    },
    {
      "name": "google-plus-square",
      "file": "google-plus-square.svg"
    },
    {
      "name": "google-plus",
      "file": "google-plus.svg"
    },
    {
      "name": "google-square",
      "file": "google-square.svg"
    },
    {
      "name": "google",
      "file": "google.svg"
    },
    {
      "name": "gps-f",
      "file": "gps-f.svg"
    },
    {
      "name": "gps",
      "file": "gps.svg"
    },
    {
      "name": "grid-f",
      "file": "grid-f.svg"
    },
    {
      "name": "grid",
      "file": "grid.svg"
    },
    {
      "name": "hairdryer-f",
      "file": "hairdryer-f.svg"
    },
    {
      "name": "hairdryer",
      "file": "hairdryer.svg"
    },
    {
      "name": "hammer-f",
      "file": "hammer-f.svg"
    },
    {
      "name": "hammer",
      "file": "hammer.svg"
    },
    {
      "name": "hashtag",
      "file": "hashtag.svg"
    },
    {
      "name": "header-1",
      "file": "header-1.svg"
    },
    {
      "name": "header-2",
      "file": "header-2.svg"
    },
    {
      "name": "header-3",
      "file": "header-3.svg"
    },
    {
      "name": "header-4",
      "file": "header-4.svg"
    },
    {
      "name": "header-5",
      "file": "header-5.svg"
    },
    {
      "name": "header-6",
      "file": "header-6.svg"
    },
    {
      "name": "header",
      "file": "header.svg"
    },
    {
      "name": "headset-f",
      "file": "headset-f.svg"
    },
    {
      "name": "headset",
      "file": "headset.svg"
    },
    {
      "name": "heart-f",
      "file": "heart-f.svg"
    },
    {
      "name": "heart",
      "file": "heart.svg"
    },
    {
      "name": "helmet-f",
      "file": "helmet-f.svg"
    },
    {
      "name": "helmet",
      "file": "helmet.svg"
    },
    {
      "name": "help-f",
      "file": "help-f.svg"
    },
    {
      "name": "help",
      "file": "help.svg"
    },
    {
      "name": "highlighter-f",
      "file": "highlighter-f.svg"
    },
    {
      "name": "highlighter",
      "file": "highlighter.svg"
    },
    {
      "name": "history",
      "file": "history.svg"
    },
    {
      "name": "home-f",
      "file": "home-f.svg"
    },
    {
      "name": "home",
      "file": "home.svg"
    },
    {
      "name": "hourglass-f",
      "file": "hourglass-f.svg"
    },
    {
      "name": "hourglass",
      "file": "hourglass.svg"
    },
    {
      "name": "ice-cream-f",
      "file": "ice-cream-f.svg"
    },
    {
      "name": "ice-cream",
      "file": "ice-cream.svg"
    },
    {
      "name": "id-card-f",
      "file": "id-card-f.svg"
    },
    {
      "name": "id-card",
      "file": "id-card.svg"
    },
    {
      "name": "inbox-f",
      "file": "inbox-f.svg"
    },
    {
      "name": "inbox",
      "file": "inbox.svg"
    },
    {
      "name": "inboxes-f",
      "file": "inboxes-f.svg"
    },
    {
      "name": "inboxes",
      "file": "inboxes.svg"
    },
    {
      "name": "indent",
      "file": "indent.svg"
    },
    {
      "name": "infinite",
      "file": "infinite.svg"
    },
    {
      "name": "info-f",
      "file": "info-f.svg"
    },
    {
      "name": "info",
      "file": "info.svg"
    },
    {
      "name": "instagram",
      "file": "instagram.svg"
    },
    {
      "name": "instant-picture-f",
      "file": "instant-picture-f.svg"
    },
    {
      "name": "instant-picture",
      "file": "instant-picture.svg"
    },
    {
      "name": "italic",
      "file": "italic.svg"
    },
    {
      "name": "joystick-f",
      "file": "joystick-f.svg"
    },
    {
      "name": "joystick",
      "file": "joystick.svg"
    },
    {
      "name": "key-f",
      "file": "key-f.svg"
    },
    {
      "name": "key",
      "file": "key.svg"
    },
    {
      "name": "keyboard-f",
      "file": "keyboard-f.svg"
    },
    {
      "name": "keyboard",
      "file": "keyboard.svg"
    },
    {
      "name": "language",
      "file": "language.svg"
    },
    {
      "name": "layers-f",
      "file": "layers-f.svg"
    },
    {
      "name": "layers",
      "file": "layers.svg"
    },
    {
      "name": "layout-f",
      "file": "layout-f.svg"
    },
    {
      "name": "layout",
      "file": "layout.svg"
    },
    {
      "name": "leaf-f",
      "file": "leaf-f.svg"
    },
    {
      "name": "leaf",
      "file": "leaf.svg"
    },
    {
      "name": "lifebuoy-f",
      "file": "lifebuoy-f.svg"
    },
    {
      "name": "lifebuoy",
      "file": "lifebuoy.svg"
    },
    {
      "name": "lightbulb-f",
      "file": "lightbulb-f.svg"
    },
    {
      "name": "lightbulb",
      "file": "lightbulb.svg"
    },
    {
      "name": "line",
      "file": "line.svg"
    },
    {
      "name": "link",
      "file": "link.svg"
    },
    {
      "name": "linkedin-circle",
      "file": "linkedin-circle.svg"
    },
    {
      "name": "linkedin-square",
      "file": "linkedin-square.svg"
    },
    {
      "name": "linkedin",
      "file": "linkedin.svg"
    },
    {
      "name": "log-in",
      "file": "log-in.svg"
    },
    {
      "name": "log-out",
      "file": "log-out.svg"
    },
    {
      "name": "luggage-f",
      "file": "luggage-f.svg"
    },
    {
      "name": "luggage",
      "file": "luggage.svg"
    },
    {
      "name": "magic-f",
      "file": "magic-f.svg"
    },
    {
      "name": "magic",
      "file": "magic.svg"
    },
    {
      "name": "magnet-f",
      "file": "magnet-f.svg"
    },
    {
      "name": "magnet",
      "file": "magnet.svg"
    },
    {
      "name": "male",
      "file": "male.svg"
    },
    {
      "name": "map-f",
      "file": "map-f.svg"
    },
    {
      "name": "map-marker-f",
      "file": "map-marker-f.svg"
    },
    {
      "name": "map-marker",
      "file": "map-marker.svg"
    },
    {
      "name": "map",
      "file": "map.svg"
    },
    {
      "name": "mask-f",
      "file": "mask-f.svg"
    },
    {
      "name": "mask",
      "file": "mask.svg"
    },
    {
      "name": "medal-f",
      "file": "medal-f.svg"
    },
    {
      "name": "medal",
      "file": "medal.svg"
    },
    {
      "name": "medical",
      "file": "medical.svg"
    },
    {
      "name": "medium-circle",
      "file": "medium-circle.svg"
    },
    {
      "name": "medium-square",
      "file": "medium-square.svg"
    },
    {
      "name": "medium",
      "file": "medium.svg"
    },
    {
      "name": "menu",
      "file": "menu.svg"
    },
    {
      "name": "merge-f",
      "file": "merge-f.svg"
    },
    {
      "name": "merge",
      "file": "merge.svg"
    },
    {
      "name": "message-alt-f",
      "file": "message-alt-f.svg"
    },
    {
      "name": "message-alt-writing-f",
      "file": "message-alt-writing-f.svg"
    },
    {
      "name": "message-alt-writing",
      "file": "message-alt-writing.svg"
    },
    {
      "name": "message-alt",
      "file": "message-alt.svg"
    },
    {
      "name": "message-f",
      "file": "message-f.svg"
    },
    {
      "name": "message-writing-f",
      "file": "message-writing-f.svg"
    },
    {
      "name": "message-writing",
      "file": "message-writing.svg"
    },
    {
      "name": "message",
      "file": "message.svg"
    },
    {
      "name": "messages-alt-f",
      "file": "messages-alt-f.svg"
    },
    {
      "name": "messages-alt",
      "file": "messages-alt.svg"
    },
    {
      "name": "messages-f",
      "file": "messages-f.svg"
    },
    {
      "name": "messages",
      "file": "messages.svg"
    },
    {
      "name": "messenger",
      "file": "messenger.svg"
    },
    {
      "name": "mic-alt",
      "file": "mic-alt.svg"
    },
    {
      "name": "mic-circle-f",
      "file": "mic-circle-f.svg"
    },
    {
      "name": "mic-circle",
      "file": "mic-circle.svg"
    },
    {
      "name": "mic-f",
      "file": "mic-f.svg"
    },
    {
      "name": "mic-square-f",
      "file": "mic-square-f.svg"
    },
    {
      "name": "mic-square",
      "file": "mic-square.svg"
    },
    {
      "name": "mic",
      "file": "mic.svg"
    },
    {
      "name": "microchip-f",
      "file": "microchip-f.svg"
    },
    {
      "name": "microchip",
      "file": "microchip.svg"
    },
    {
      "name": "minus-circle-f",
      "file": "minus-circle-f.svg"
    },
    {
      "name": "minus-circle",
      "file": "minus-circle.svg"
    },
    {
      "name": "minus-rectangle-f",
      "file": "minus-rectangle-f.svg"
    },
    {
      "name": "minus-rectangle",
      "file": "minus-rectangle.svg"
    },
    {
      "name": "minus",
      "file": "minus.svg"
    },
    {
      "name": "moon-f",
      "file": "moon-f.svg"
    },
    {
      "name": "moon",
      "file": "moon.svg"
    },
    {
      "name": "more-horizontal-f",
      "file": "more-horizontal-f.svg"
    },
    {
      "name": "more-horizontal",
      "file": "more-horizontal.svg"
    },
    {
      "name": "more-vertical-f",
      "file": "more-vertical-f.svg"
    },
    {
      "name": "more-vertical",
      "file": "more-vertical.svg"
    },
    {
      "name": "mountain-f",
      "file": "mountain-f.svg"
    },
    {
      "name": "mountain",
      "file": "mountain.svg"
    },
    {
      "name": "move-alt",
      "file": "move-alt.svg"
    },
    {
      "name": "move",
      "file": "move.svg"
    },
    {
      "name": "movie",
      "file": "movie.svg"
    },
    {
      "name": "mug-f",
      "file": "mug-f.svg"
    },
    {
      "name": "mug",
      "file": "mug.svg"
    },
    {
      "name": "music-f",
      "file": "music-f.svg"
    },
    {
      "name": "music",
      "file": "music.svg"
    },
    {
      "name": "myspace-circle",
      "file": "myspace-circle.svg"
    },
    {
      "name": "myspace-square",
      "file": "myspace-square.svg"
    },
    {
      "name": "myspace",
      "file": "myspace.svg"
    },
    {
      "name": "napster-circle",
      "file": "napster-circle.svg"
    },
    {
      "name": "napster-square",
      "file": "napster-square.svg"
    },
    {
      "name": "napster",
      "file": "napster.svg"
    },
    {
      "name": "newsletter-f",
      "file": "newsletter-f.svg"
    },
    {
      "name": "newsletter",
      "file": "newsletter.svg"
    },
    {
      "name": "newspaper-f",
      "file": "newspaper-f.svg"
    },
    {
      "name": "newspaper",
      "file": "newspaper.svg"
    },
    {
      "name": "npm",
      "file": "npm.svg"
    },
    {
      "name": "odnoklassniki-circle",
      "file": "odnoklassniki-circle.svg"
    },
    {
      "name": "odnoklassniki-square",
      "file": "odnoklassniki-square.svg"
    },
    {
      "name": "odnoklassniki",
      "file": "odnoklassniki.svg"
    },
    {
      "name": "opera-circle",
      "file": "opera-circle.svg"
    },
    {
      "name": "opera-square",
      "file": "opera-square.svg"
    },
    {
      "name": "opera",
      "file": "opera.svg"
    },
    {
      "name": "ordered-list",
      "file": "ordered-list.svg"
    },
    {
      "name": "padlock-alt-f",
      "file": "padlock-alt-f.svg"
    },
    {
      "name": "padlock-alt-open-f",
      "file": "padlock-alt-open-f.svg"
    },
    {
      "name": "padlock-alt-open",
      "file": "padlock-alt-open.svg"
    },
    {
      "name": "padlock-alt",
      "file": "padlock-alt.svg"
    },
    {
      "name": "padlock-f",
      "file": "padlock-f.svg"
    },
    {
      "name": "padlock-open-f",
      "file": "padlock-open-f.svg"
    },
    {
      "name": "padlock-open",
      "file": "padlock-open.svg"
    },
    {
      "name": "padlock",
      "file": "padlock.svg"
    },
    {
      "name": "paper-plane-f",
      "file": "paper-plane-f.svg"
    },
    {
      "name": "paper-plane",
      "file": "paper-plane.svg"
    },
    {
      "name": "patreon-circle",
      "file": "patreon-circle.svg"
    },
    {
      "name": "patreon-square",
      "file": "patreon-square.svg"
    },
    {
      "name": "patreon",
      "file": "patreon.svg"
    },
    {
      "name": "pause",
      "file": "pause.svg"
    },
    {
      "name": "paypal-circle",
      "file": "paypal-circle.svg"
    },
    {
      "name": "paypal-square",
      "file": "paypal-square.svg"
    },
    {
      "name": "paypal",
      "file": "paypal.svg"
    },
    {
      "name": "pen-f",
      "file": "pen-f.svg"
    },
    {
      "name": "pen",
      "file": "pen.svg"
    },
    {
      "name": "pencil-f",
      "file": "pencil-f.svg"
    },
    {
      "name": "pencil",
      "file": "pencil.svg"
    },
    {
      "name": "periscope-circle",
      "file": "periscope-circle.svg"
    },
    {
      "name": "periscope-square",
      "file": "periscope-square.svg"
    },
    {
      "name": "periscope",
      "file": "periscope.svg"
    },
    {
      "name": "phone-f",
      "file": "phone-f.svg"
    },
    {
      "name": "phone",
      "file": "phone.svg"
    },
    {
      "name": "picture-f",
      "file": "picture-f.svg"
    },
    {
      "name": "picture",
      "file": "picture.svg"
    },
    {
      "name": "pictures-f",
      "file": "pictures-f.svg"
    },
    {
      "name": "pictures",
      "file": "pictures.svg"
    },
    {
      "name": "pie-chart-alt",
      "file": "pie-chart-alt.svg"
    },
    {
      "name": "pie-chart-f",
      "file": "pie-chart-f.svg"
    },
    {
      "name": "pie-chart",
      "file": "pie-chart.svg"
    },
    {
      "name": "pin-alt-f",
      "file": "pin-alt-f.svg"
    },
    {
      "name": "pin-alt",
      "file": "pin-alt.svg"
    },
    {
      "name": "pin-f",
      "file": "pin-f.svg"
    },
    {
      "name": "pin",
      "file": "pin.svg"
    },
    {
      "name": "pinterest-circle",
      "file": "pinterest-circle.svg"
    },
    {
      "name": "pinterest-square",
      "file": "pinterest-square.svg"
    },
    {
      "name": "pinterest",
      "file": "pinterest.svg"
    },
    {
      "name": "pizza-slice",
      "file": "pizza-slice.svg"
    },
    {
      "name": "plane-f",
      "file": "plane-f.svg"
    },
    {
      "name": "plane",
      "file": "plane.svg"
    },
    {
      "name": "play-circle-f",
      "file": "play-circle-f.svg"
    },
    {
      "name": "play-circle",
      "file": "play-circle.svg"
    },
    {
      "name": "play-square-f",
      "file": "play-square-f.svg"
    },
    {
      "name": "play-square",
      "file": "play-square.svg"
    },
    {
      "name": "play",
      "file": "play.svg"
    },
    {
      "name": "plug-f",
      "file": "plug-f.svg"
    },
    {
      "name": "plug",
      "file": "plug.svg"
    },
    {
      "name": "plus-circle-f",
      "file": "plus-circle-f.svg"
    },
    {
      "name": "plus-circle",
      "file": "plus-circle.svg"
    },
    {
      "name": "plus-rectangle-f",
      "file": "plus-rectangle-f.svg"
    },
    {
      "name": "plus-rectangle",
      "file": "plus-rectangle.svg"
    },
    {
      "name": "plus",
      "file": "plus.svg"
    },
    {
      "name": "pocket-watch-f",
      "file": "pocket-watch-f.svg"
    },
    {
      "name": "pocket-watch",
      "file": "pocket-watch.svg"
    },
    {
      "name": "podcast",
      "file": "podcast.svg"
    },
    {
      "name": "power",
      "file": "power.svg"
    },
    {
      "name": "printer-f",
      "file": "printer-f.svg"
    },
    {
      "name": "printer",
      "file": "printer.svg"
    },
    {
      "name": "qr-code",
      "file": "qr-code.svg"
    },
    {
      "name": "quora-circle",
      "file": "quora-circle.svg"
    },
    {
      "name": "quora-square",
      "file": "quora-square.svg"
    },
    {
      "name": "quora",
      "file": "quora.svg"
    },
    {
      "name": "rainbow",
      "file": "rainbow.svg"
    },
    {
      "name": "rec",
      "file": "rec.svg"
    },
    {
      "name": "rectangle-f",
      "file": "rectangle-f.svg"
    },
    {
      "name": "rectangle",
      "file": "rectangle.svg"
    },
    {
      "name": "reddit",
      "file": "reddit.svg"
    },
    {
      "name": "redo",
      "file": "redo.svg"
    },
    {
      "name": "refresh-reverse",
      "file": "refresh-reverse.svg"
    },
    {
      "name": "refresh",
      "file": "refresh.svg"
    },
    {
      "name": "repeat",
      "file": "repeat.svg"
    },
    {
      "name": "rocket-f",
      "file": "rocket-f.svg"
    },
    {
      "name": "rocket",
      "file": "rocket.svg"
    },
    {
      "name": "rss-feed",
      "file": "rss-feed.svg"
    },
    {
      "name": "rubber",
      "file": "rubber.svg"
    },
    {
      "name": "ruler-f",
      "file": "ruler-f.svg"
    },
    {
      "name": "ruler",
      "file": "ruler.svg"
    },
    {
      "name": "save-f",
      "file": "save-f.svg"
    },
    {
      "name": "save",
      "file": "save.svg"
    },
    {
      "name": "scissors",
      "file": "scissors.svg"
    },
    {
      "name": "screen-f",
      "file": "screen-f.svg"
    },
    {
      "name": "screen",
      "file": "screen.svg"
    },
    {
      "name": "screwdriver-f",
      "file": "screwdriver-f.svg"
    },
    {
      "name": "screwdriver",
      "file": "screwdriver.svg"
    },
    {
      "name": "search-folder",
      "file": "search-folder.svg"
    },
    {
      "name": "search-minus",
      "file": "search-minus.svg"
    },
    {
      "name": "search-plus",
      "file": "search-plus.svg"
    },
    {
      "name": "search",
      "file": "search.svg"
    },
    {
      "name": "set-backward-circle-f",
      "file": "set-backward-circle-f.svg"
    },
    {
      "name": "set-backward-circle",
      "file": "set-backward-circle.svg"
    },
    {
      "name": "set-backward-square-f",
      "file": "set-backward-square-f.svg"
    },
    {
      "name": "set-backward-square",
      "file": "set-backward-square.svg"
    },
    {
      "name": "set-backward",
      "file": "set-backward.svg"
    },
    {
      "name": "set-forward-circle-f",
      "file": "set-forward-circle-f.svg"
    },
    {
      "name": "set-forward-circle",
      "file": "set-forward-circle.svg"
    },
    {
      "name": "set-forward-square-f",
      "file": "set-forward-square-f.svg"
    },
    {
      "name": "set-forward-square",
      "file": "set-forward-square.svg"
    },
    {
      "name": "set-forward",
      "file": "set-forward.svg"
    },
    {
      "name": "set-square-f",
      "file": "set-square-f.svg"
    },
    {
      "name": "set-square",
      "file": "set-square.svg"
    },
    {
      "name": "settings-alt",
      "file": "settings-alt.svg"
    },
    {
      "name": "share-alt-f",
      "file": "share-alt-f.svg"
    },
    {
      "name": "share-alt",
      "file": "share-alt.svg"
    },
    {
      "name": "share",
      "file": "share.svg"
    },
    {
      "name": "shield-check-f",
      "file": "shield-check-f.svg"
    },
    {
      "name": "shield-check",
      "file": "shield-check.svg"
    },
    {
      "name": "shield-close-f",
      "file": "shield-close-f.svg"
    },
    {
      "name": "shield-close",
      "file": "shield-close.svg"
    },
    {
      "name": "shield-f",
      "file": "shield-f.svg"
    },
    {
      "name": "shield-half",
      "file": "shield-half.svg"
    },
    {
      "name": "shield-minus-f",
      "file": "shield-minus-f.svg"
    },
    {
      "name": "shield-minus",
      "file": "shield-minus.svg"
    },
    {
      "name": "shield-plus-f",
      "file": "shield-plus-f.svg"
    },
    {
      "name": "shield-plus",
      "file": "shield-plus.svg"
    },
    {
      "name": "shield",
      "file": "shield.svg"
    },
    {
      "name": "shopify-circle",
      "file": "shopify-circle.svg"
    },
    {
      "name": "shopify-square",
      "file": "shopify-square.svg"
    },
    {
      "name": "shopify",
      "file": "shopify.svg"
    },
    {
      "name": "shopping-bag-alt-f",
      "file": "shopping-bag-alt-f.svg"
    },
    {
      "name": "shopping-bag-alt",
      "file": "shopping-bag-alt.svg"
    },
    {
      "name": "shopping-bag-f",
      "file": "shopping-bag-f.svg"
    },
    {
      "name": "shopping-bag",
      "file": "shopping-bag.svg"
    },
    {
      "name": "shopping-cart",
      "file": "shopping-cart.svg"
    },
    {
      "name": "shuffle",
      "file": "shuffle.svg"
    },
    {
      "name": "signal",
      "file": "signal.svg"
    },
    {
      "name": "sitemap-f",
      "file": "sitemap-f.svg"
    },
    {
      "name": "sitemap",
      "file": "sitemap.svg"
    },
    {
      "name": "skull-f",
      "file": "skull-f.svg"
    },
    {
      "name": "skull",
      "file": "skull.svg"
    },
    {
      "name": "skype-circle",
      "file": "skype-circle.svg"
    },
    {
      "name": "skype-square",
      "file": "skype-square.svg"
    },
    {
      "name": "skype",
      "file": "skype.svg"
    },
    {
      "name": "slack-circle",
      "file": "slack-circle.svg"
    },
    {
      "name": "slack-square",
      "file": "slack-square.svg"
    },
    {
      "name": "slack",
      "file": "slack.svg"
    },
    {
      "name": "smiley-f",
      "file": "smiley-f.svg"
    },
    {
      "name": "smiley",
      "file": "smiley.svg"
    },
    {
      "name": "snapchat-circle",
      "file": "snapchat-circle.svg"
    },
    {
      "name": "snapchat-square",
      "file": "snapchat-square.svg"
    },
    {
      "name": "snapchat",
      "file": "snapchat.svg"
    },
    {
      "name": "snowboard-f",
      "file": "snowboard-f.svg"
    },
    {
      "name": "snowboard",
      "file": "snowboard.svg"
    },
    {
      "name": "snowflake",
      "file": "snowflake.svg"
    },
    {
      "name": "soundcloud",
      "file": "soundcloud.svg"
    },
    {
      "name": "speaker-f",
      "file": "speaker-f.svg"
    },
    {
      "name": "speaker",
      "file": "speaker.svg"
    },
    {
      "name": "spotify",
      "file": "spotify.svg"
    },
    {
      "name": "square-f",
      "file": "square-f.svg"
    },
    {
      "name": "square",
      "file": "square.svg"
    },
    {
      "name": "squarespace-circle",
      "file": "squarespace-circle.svg"
    },
    {
      "name": "squarespace-square",
      "file": "squarespace-square.svg"
    },
    {
      "name": "squarespace",
      "file": "squarespace.svg"
    },
    {
      "name": "stackoverflow-circle",
      "file": "stackoverflow-circle.svg"
    },
    {
      "name": "stackoverflow-square",
      "file": "stackoverflow-square.svg"
    },
    {
      "name": "stackoverflow",
      "file": "stackoverflow.svg"
    },
    {
      "name": "stamp-f",
      "file": "stamp-f.svg"
    },
    {
      "name": "stamp",
      "file": "stamp.svg"
    },
    {
      "name": "star-f",
      "file": "star-f.svg"
    },
    {
      "name": "star-full",
      "file": "star-full.svg"
    },
    {
      "name": "star-half",
      "file": "star-half.svg"
    },
    {
      "name": "star",
      "file": "star.svg"
    },
    {
      "name": "station",
      "file": "station.svg"
    },
    {
      "name": "stop-sign",
      "file": "stop-sign.svg"
    },
    {
      "name": "stop",
      "file": "stop.svg"
    },
    {
      "name": "store",
      "file": "store.svg"
    },
    {
      "name": "strikethrough",
      "file": "strikethrough.svg"
    },
    {
      "name": "stumbleupon-circle",
      "file": "stumbleupon-circle.svg"
    },
    {
      "name": "stumbleupon-square",
      "file": "stumbleupon-square.svg"
    },
    {
      "name": "stumbleupon",
      "file": "stumbleupon.svg"
    },
    {
      "name": "sun-f",
      "file": "sun-f.svg"
    },
    {
      "name": "sun",
      "file": "sun.svg"
    },
    {
      "name": "switch-left-f",
      "file": "switch-left-f.svg"
    },
    {
      "name": "switch-left",
      "file": "switch-left.svg"
    },
    {
      "name": "switch-right-f",
      "file": "switch-right-f.svg"
    },
    {
      "name": "switch-right",
      "file": "switch-right.svg"
    },
    {
      "name": "sword-f",
      "file": "sword-f.svg"
    },
    {
      "name": "sword",
      "file": "sword.svg"
    },
    {
      "name": "tablet-f",
      "file": "tablet-f.svg"
    },
    {
      "name": "tablet",
      "file": "tablet.svg"
    },
    {
      "name": "tag-f",
      "file": "tag-f.svg"
    },
    {
      "name": "tag",
      "file": "tag.svg"
    },
    {
      "name": "tags-f",
      "file": "tags-f.svg"
    },
    {
      "name": "tags",
      "file": "tags.svg"
    },
    {
      "name": "target",
      "file": "target.svg"
    },
    {
      "name": "task-list-f",
      "file": "task-list-f.svg"
    },
    {
      "name": "task-list",
      "file": "task-list.svg"
    },
    {
      "name": "temperature",
      "file": "temperature.svg"
    },
    {
      "name": "terminal",
      "file": "terminal.svg"
    },
    {
      "name": "thunder-f",
      "file": "thunder-f.svg"
    },
    {
      "name": "thunder",
      "file": "thunder.svg"
    },
    {
      "name": "ticket-f",
      "file": "ticket-f.svg"
    },
    {
      "name": "ticket",
      "file": "ticket.svg"
    },
    {
      "name": "tools-f",
      "file": "tools-f.svg"
    },
    {
      "name": "tools",
      "file": "tools.svg"
    },
    {
      "name": "torch-f",
      "file": "torch-f.svg"
    },
    {
      "name": "torch",
      "file": "torch.svg"
    },
    {
      "name": "totem",
      "file": "totem.svg"
    },
    {
      "name": "train-f",
      "file": "train-f.svg"
    },
    {
      "name": "train",
      "file": "train.svg"
    },
    {
      "name": "transgender",
      "file": "transgender.svg"
    },
    {
      "name": "trash-alt-f",
      "file": "trash-alt-f.svg"
    },
    {
      "name": "trash-alt",
      "file": "trash-alt.svg"
    },
    {
      "name": "trash-f",
      "file": "trash-f.svg"
    },
    {
      "name": "trash",
      "file": "trash.svg"
    },
    {
      "name": "tree-alt-f",
      "file": "tree-alt-f.svg"
    },
    {
      "name": "tree-alt",
      "file": "tree-alt.svg"
    },
    {
      "name": "tree-f",
      "file": "tree-f.svg"
    },
    {
      "name": "tree",
      "file": "tree.svg"
    },
    {
      "name": "trello",
      "file": "trello.svg"
    },
    {
      "name": "triangle-danger-f",
      "file": "triangle-danger-f.svg"
    },
    {
      "name": "triangle-danger",
      "file": "triangle-danger.svg"
    },
    {
      "name": "triangle-f",
      "file": "triangle-f.svg"
    },
    {
      "name": "triangle",
      "file": "triangle.svg"
    },
    {
      "name": "trophy-f",
      "file": "trophy-f.svg"
    },
    {
      "name": "trophy",
      "file": "trophy.svg"
    },
    {
      "name": "tube",
      "file": "tube.svg"
    },
    {
      "name": "tumblr-circle",
      "file": "tumblr-circle.svg"
    },
    {
      "name": "tumblr-square",
      "file": "tumblr-square.svg"
    },
    {
      "name": "tumblr",
      "file": "tumblr.svg"
    },
    {
      "name": "twitch",
      "file": "twitch.svg"
    },
    {
      "name": "twitter-circle",
      "file": "twitter-circle.svg"
    },
    {
      "name": "twitter-square",
      "file": "twitter-square.svg"
    },
    {
      "name": "twitter",
      "file": "twitter.svg"
    },
    {
      "name": "umbrella-closed-f",
      "file": "umbrella-closed-f.svg"
    },
    {
      "name": "umbrella-closed",
      "file": "umbrella-closed.svg"
    },
    {
      "name": "umbrella-f",
      "file": "umbrella-f.svg"
    },
    {
      "name": "umbrella",
      "file": "umbrella.svg"
    },
    {
      "name": "underline",
      "file": "underline.svg"
    },
    {
      "name": "undo",
      "file": "undo.svg"
    },
    {
      "name": "unindent",
      "file": "unindent.svg"
    },
    {
      "name": "universe",
      "file": "universe.svg"
    },
    {
      "name": "unordered-list",
      "file": "unordered-list.svg"
    },
    {
      "name": "unsplash-circle",
      "file": "unsplash-circle.svg"
    },
    {
      "name": "unsplash-square",
      "file": "unsplash-square.svg"
    },
    {
      "name": "unsplash",
      "file": "unsplash.svg"
    },
    {
      "name": "upload",
      "file": "upload.svg"
    },
    {
      "name": "user-circle",
      "file": "user-circle.svg"
    },
    {
      "name": "user-minus",
      "file": "user-minus.svg"
    },
    {
      "name": "user-plus",
      "file": "user-plus.svg"
    },
    {
      "name": "user-remove",
      "file": "user-remove.svg"
    },
    {
      "name": "user-square",
      "file": "user-square.svg"
    },
    {
      "name": "user",
      "file": "user.svg"
    },
    {
      "name": "users",
      "file": "users.svg"
    },
    {
      "name": "viadeo",
      "file": "viadeo.svg"
    },
    {
      "name": "viber-circle",
      "file": "viber-circle.svg"
    },
    {
      "name": "viber-square",
      "file": "viber-square.svg"
    },
    {
      "name": "viber",
      "file": "viber.svg"
    },
    {
      "name": "video-camera-f",
      "file": "video-camera-f.svg"
    },
    {
      "name": "video-camera-vintage-f",
      "file": "video-camera-vintage-f.svg"
    },
    {
      "name": "video-camera-vintage",
      "file": "video-camera-vintage.svg"
    },
    {
      "name": "video-camera",
      "file": "video-camera.svg"
    },
    {
      "name": "vimeo-circle",
      "file": "vimeo-circle.svg"
    },
    {
      "name": "vimeo-square",
      "file": "vimeo-square.svg"
    },
    {
      "name": "vimeo",
      "file": "vimeo.svg"
    },
    {
      "name": "vine-circle",
      "file": "vine-circle.svg"
    },
    {
      "name": "vine-square",
      "file": "vine-square.svg"
    },
    {
      "name": "vine",
      "file": "vine.svg"
    },
    {
      "name": "voicemail",
      "file": "voicemail.svg"
    },
    {
      "name": "volume-circle-f",
      "file": "volume-circle-f.svg"
    },
    {
      "name": "volume-circle",
      "file": "volume-circle.svg"
    },
    {
      "name": "volume-down-circle-f",
      "file": "volume-down-circle-f.svg"
    },
    {
      "name": "volume-down-circle",
      "file": "volume-down-circle.svg"
    },
    {
      "name": "volume-down-square-f",
      "file": "volume-down-square-f.svg"
    },
    {
      "name": "volume-down-square",
      "file": "volume-down-square.svg"
    },
    {
      "name": "volume-down",
      "file": "volume-down.svg"
    },
    {
      "name": "volume-mute-circle-f",
      "file": "volume-mute-circle-f.svg"
    },
    {
      "name": "volume-mute-circle",
      "file": "volume-mute-circle.svg"
    },
    {
      "name": "volume-mute-square-f",
      "file": "volume-mute-square-f.svg"
    },
    {
      "name": "volume-mute-square",
      "file": "volume-mute-square.svg"
    },
    {
      "name": "volume-mute",
      "file": "volume-mute.svg"
    },
    {
      "name": "volume-square-f",
      "file": "volume-square-f.svg"
    },
    {
      "name": "volume-square",
      "file": "volume-square.svg"
    },
    {
      "name": "volume-up-circle-f",
      "file": "volume-up-circle-f.svg"
    },
    {
      "name": "volume-up-circle",
      "file": "volume-up-circle.svg"
    },
    {
      "name": "volume-up-square-f",
      "file": "volume-up-square-f.svg"
    },
    {
      "name": "volume-up-square",
      "file": "volume-up-square.svg"
    },
    {
      "name": "volume-up",
      "file": "volume-up.svg"
    },
    {
      "name": "volume",
      "file": "volume.svg"
    },
    {
      "name": "watch-f",
      "file": "watch-f.svg"
    },
    {
      "name": "watch",
      "file": "watch.svg"
    },
    {
      "name": "water-drop-f",
      "file": "water-drop-f.svg"
    },
    {
      "name": "water-drop",
      "file": "water-drop.svg"
    },
    {
      "name": "whatsapp",
      "file": "whatsapp.svg"
    },
    {
      "name": "wifi",
      "file": "wifi.svg"
    },
    {
      "name": "wikipedia",
      "file": "wikipedia.svg"
    },
    {
      "name": "wordpress",
      "file": "wordpress.svg"
    },
    {
      "name": "world",
      "file": "world.svg"
    },
    {
      "name": "wrench-f",
      "file": "wrench-f.svg"
    },
    {
      "name": "wrench",
      "file": "wrench.svg"
    },
    {
      "name": "write-f",
      "file": "write-f.svg"
    },
    {
      "name": "write",
      "file": "write.svg"
    },
    {
      "name": "yahoo-circle",
      "file": "yahoo-circle.svg"
    },
    {
      "name": "yahoo-square",
      "file": "yahoo-square.svg"
    },
    {
      "name": "yahoo",
      "file": "yahoo.svg"
    },
    {
      "name": "yelp-circle",
      "file": "yelp-circle.svg"
    },
    {
      "name": "yelp-square",
      "file": "yelp-square.svg"
    },
    {
      "name": "yelp",
      "file": "yelp.svg"
    },
    {
      "name": "youtube-circle",
      "file": "youtube-circle.svg"
    },
    {
      "name": "youtube-square",
      "file": "youtube-square.svg"
    },
    {
      "name": "youtube",
      "file": "youtube.svg"
    }
  ]
}
